canonical_year,proposed_episode_number,canonical_date,title,status,master_audio_source,preferred_local_file,rss_episode_id,review_flags
2010,1,2010-03-20,Might As Well Get Started,source-confirmed-audio-missing,missing,,,"Audio not yet recovered from RSS, local files, or public media"
2010,2,2010-03-27,Round II,source-confirmed-audio-missing,missing,,,"Audio not yet recovered from RSS, local files, or public media"
2010,3,2010-04-05,Ragu or Walgu?,source-confirmed-audio-missing,missing,,,"Audio not yet recovered from RSS, local files, or public media"
2010,4,2010-04-12,"Fast Food, the Holy Spirit, and Kidney Stones",source-confirmed-audio-missing,missing,,,"Audio not yet recovered from RSS, local files, or public media"
2010,5,2010-04-19,Something Different,source-confirmed-audio-missing,missing,,,"Audio not yet recovered from RSS, local files, or public media"
2010,6,2010-04-26,Who's Nelson?,source-confirmed-audio-missing,missing,,,"Audio not yet recovered from RSS, local files, or public media"
2010,7,2010-05-03,Series of Firsts,source-confirmed-audio-missing,missing,,,"Audio not yet recovered from RSS, local files, or public media"
2010,8,2010-05-10,Peanut Butter and Whiskey,source-confirmed-audio-missing,missing,,,"Audio not yet recovered from RSS, local files, or public media"
2010,9,2010-05-17,Clean Van With Nowhere To Go,source-confirmed-audio-missing,missing,,,"Audio not yet recovered from RSS, local files, or public media"
2010,10,2010-05-24,Clear With A Chance Of Cookies,local-only,local,"2010/20100525-04(songs Dan Doesn't know, cookies, and lots of illegal things such as theft).mp3",,
2010,11,2010-05-31,Clearly The Buick Was The Winner,source-confirmed-audio-missing,missing,,,"Audio not yet recovered from RSS, local files, or public media"
2010,12,2010-06-07,Of Moose and Men,local-only,local,2010/20100608-05.mp3,,
2010,13,2010-06-14,Homemade Fig Newtons,local-only,local,2010/20100615-09.mp3,,
2010,14,2010-06-21,Fable of the Used Donkey Dealer,local-only,local,2010/20100622-03.mp3,,
2010,15,2010-06-28,Sampson: The Biblical Vuvuzela?,local-only,local,2010/20100629-04.mp3,,
2010,16,2010-07-05,Zacchaeus Had A Thin Moustache,local-only,local,2010/20100706-03.mp3,,
2010,17,2010-07-12,Prayer for the Winking Pirate or Jesus Never Played the West End,local-only,local,2010/07122010.mp3,,
2010,18,2010-07-20,,local-only,local,2010/20100720.mp3,,One historical broadcast matches multiple retained master candidates
2010,19,2010-07-20,,local-only,local,2010/20100720-03.mp3,,One historical broadcast matches multiple retained master candidates
2010,20,2010-07-26,Jesus as the Janitor,local-only,local,2010/20100727-06.mp3,,
2010,21,2010-08-02,Identity Crisis of the Bad Samaritan,local-only,local,2010/20100803.mp3,,
2010,22,2010-08-09,Jehosaphat Wasn't Really a Jumper,local-only,local,2010/20100810.mp3,,
2010,23,2010-08-16,Lot and Too Much Sodium,local-only,local,2010/20100817.mp3,,
2010,24,2010-08-23,From Saul to Paul: God will step in if He has to,local-only,local,2010/20100824.mp3,,
2010,25,2010-08-30,Sittin' In Your Own Pew (And Doin' Nothing Else),local-only,local,2010/20100830.mp3,,
2010,26,2010-09-06,"Potiphar, Hosea, and Winnie the Pooh",local-only,local,2010/20100906.mp3,,
2010,27,2010-09-13,Syndrome of Fire In Studio,local-only,local,2010/20100913.mp3,,
2010,28,2010-09-20,The Man Show,local-only,local,2010/20100920 (1).mp3,,
2010,29,2010-09-27,Godo Telefono - Prayer vs. Pancakes,local-only,local,2010/20100927 (1).mp3,,
2010,30,2010-10-04,"Why Bad Things Happen To, Uh, People",local-only,local,2010/20101004 (1).mp3,,
2010,31,2010-10-11,Tyson vs. Holyfield,source-confirmed-audio-missing,missing,,,"Audio not yet recovered from RSS, local files, or public media | Content-compare with local 2010-10-15 recording before declaring audio missing"
2010,32,2010-10-15,,local-only,local,2010/20101015.mp3,,
2010,33,2010-10-18,,local-only,local,2010/20101018 (1).mp3,,
2010,34,2010-10-25,Why Do I Need To Go To Church?,local-only,local,2010/20101025 (1).mp3,,
2010,35,2010-11-01,Where Do I Start?,local-only,local,2010/20101101 (1).mp3,,
2010,36,2010-11-08,Suicide,local-only,local,2010/20101108 (1).mp3,,
2010,37,2010-11-15,Stop Crying! Loving God Without Weeping.,local-only,local,2010/20101115 (1).mp3,,
2010,38,2010-11-22,,local-only,local,2010/20101122 (1).mp3,,
2010,39,2010-11-29,,local-only,local,2010/20101129 (1).mp3,,
2010,40,2010-12-13,,local-only,local,2010/20101213 (1).mp3,,
2010,41,2010-12-20,,local-only,local,2010/20101220 (1).mp3,,
2010,42,2010-12-27,,local-only,local,2010/20101227 (1).mp3,,
2010,43,,Retro LFTP: Episode 1,local-only,local,2010/RetroLFTP -Episode1 (2016_10_07 00_26_59 UTC).mp3,,Exact episode date unresolved
2011,1,2011-01-02,,local-only,local,2011/20110102.mp3,,
2011,2,2011-01-17,,local-only,local,2011/20110117.mp3,,
2011,3,2011-01-24,,local-only,local,2011/20110124.mp3,,
2011,4,2011-02-01,,local-only,local,2011/20110201.mp3,,
2011,5,2011-02-21,,local-only,local,2011/20110221.mp3,,
2011,6,2011-02-28,,local-only,local,2011/20110228.mp3,,
2011,7,2011-03-07,,local-only,local,2011/20110307.mp3,,
2011,8,2011-03-21,,local-only,local,2011/20110321.mp3,,
2011,9,2011-03-21,,local-only,local,2011/20110321 (2016_10_07 00_26_59 UTC).mp3,,Preferred local audio is unreadable or has invalid media metadata
2011,10,2011-04-04,,local-only,local,2011/20110404.mp3,,
2011,11,2011-04-11,,local-only,local,2011/20110411.mp3,,
2011,12,2011-04-18,,local-only,local,2011/20110418.mp3,,
2011,13,2011-04-25,,local-only,local,2011/20110425.mp3,,
2011,14,2011-05-02,,local-only,local,2011/20110502.mp3,,
2011,15,2011-05-16,,local-only,local,2011/20110516.mp3,,
2011,16,2011-05-30,,local-only,local,2011/20110530.mp3,,
2011,17,2011-06-07,,local-only,local,2011/20110607.mp3,,
2011,18,2011-06-13,,local-only,local,2011/20110613.mp3,,
2011,19,2011-06-20,,local-only,local,2011/20110620.mp3,,
2011,20,2011-06-27,,local-only,local,2011/20110627LFTP.mp3,,
2011,21,2011-07-18,,local-only,local,2011/20110718 (1).mp3,,
2011,22,2011-07-18,,local-only,local,2011/20110718.mp3,,
2011,23,2011-07-25,,local-only,local,2011/20110725.mp3,,
2011,24,2011-08-01,,local-only,local,2011/20110801.mp3,,
2011,25,2011-08-16,,local-only,local,2011/20110816.mp3,,
2011,26,2011-08-22,,local-only,local,2011/20110822part2.mp3,,File appears to be one part of a multi-part episode
2011,27,2011-08-23,,local-only,local,2011/20110823part1.mp3,,File appears to be one part of a multi-part episode
2011,28,2011-08-29,,local-only,local,2011/20110829.mp3,,
2011,29,2011-09-05,,local-only,local,2011/20110905.mp3,,
2011,30,2011-09-12,,local-only,local,2011/20110912.mp3,,
2011,31,2011-09-19,,local-only,local,2011/20110919.mp3,,
2011,32,2011-09-27,,local-only,local,2011/20110927.mp3,,
2011,33,2011-10-03,,local-only,local,2011/20111003Part1.mp3,,File appears to be one part of a multi-part episode
2011,34,2011-10-03,,local-only,local,2011/20111003II.mp3,,Shares a date with an explicitly labeled multi-part file
2011,35,2011-10-03,,local-only,local,2011/20111003I.mp3,,Shares a date with an explicitly labeled multi-part file
2011,36,2011-10-10,,local-only,local,2011/20111010.mp3,,
2011,37,2011-10-17,,local-only,local,2011/20111017.mp3,,
2011,38,2011-10-24,,local-only,local,2011/20111024.mp3,,
2011,39,2011-10-31,,local-only,local,2011/20111031.mp3,,
2011,40,2011-11-07,,local-only,local,2011/20111107.mp3,,
2011,41,2011-11-21,,local-only,local,2011/20111121.mp3,,
2011,42,2011-11-28,,local-only,local,2011/20111128.mp3,,
2011,43,2011-12-05,,local-only,local,2011/20111205.mp3,,
2011,44,2011-12-12,,local-only,local,2011/20111212.mp3,,
2011,45,2011-12-20,,local-only,local,2011/20111220.mp3,,
2011,46,2011-12-26,,local-only,local,2011/20111226.mp3,,
2011,47,,,local-only,local,2011/Dec 22 Show.mp4,,Exact episode date unresolved
2012,1,2012-01-02,,local-only,local,2012/20120102 (1).mp3,,
2012,2,2012-01-09,,local-only,local,2012/20120109 - Jessa Anderson.mp3,,
2012,3,2012-01-16,,local-only,local,2012/20120116.mp3,,
2012,4,2012-01-23,,local-only,local,2012/20120123.mp3,,
2012,5,2012-01-30,,local-only,local,2012/20120130.mp3,,
2012,6,2012-02-13,,local-only,local,2012/20120213.mp3,,
2012,7,2012-02-20,,local-only,local,2012/20120220.mp3,,
2012,8,2012-02-27,,local-only,local,2012/20120227(1).mp3,,Same-date numbered files may be parts of one episode
2012,9,2012-02-27,,local-only,local,2012/20120227(2).mp3,,Same-date numbered files may be parts of one episode
2012,10,2012-03-05,,local-only,local,2012/20120305 - Part 1.mp3,,File appears to be one part of a multi-part episode
2012,11,2012-03-05,,local-only,local,2012/20120305 - Part 2.mp3,,File appears to be one part of a multi-part episode
2012,12,2012-03-12,,local-only,local,2012/20120312 - Part 1.mp3,,File appears to be one part of a multi-part episode
2012,13,2012-03-12,,local-only,local,2012/20120312 - Part 2.mp3,,File appears to be one part of a multi-part episode
2012,14,2012-03-19,,local-only,local,2012/20120319.mp3,,
2012,15,2012-03-26,,local-only,local,2012/03262012.mp3,,
2012,16,2012-04-02,,local-only,local,2012/20120402.mp3,,
2012,17,2012-04-09,,local-only,local,2012/20120409.mp3,,
2012,18,2012-04-29,,local-only,local,2012/20120429.mp3,,
2012,19,2012-04-30,,local-only,local,2012/20120430.mp3,,
2012,20,2012-05-07,,local-only,local,2012/20120507.mp3,,
2012,21,2012-05-22,,local-only,local,2012/20120522.mp3,,
2012,22,2012-05-28,,local-only,local,2012/20120528.mp3,,
2012,23,2012-06-04,,local-only,local,2012/20120604.mp3,,
2012,24,2012-06-08,,local-only,local,2012/20120608.mp3,,
2012,25,2012-06-11,,local-only,local,2012/20120611.mp3,,
2012,26,2012-06-26,,local-only,local,2012/20120626.mp3,,
2012,27,2012-07-02,,local-only,local,2012/20120702.mp3,,
2012,28,2012-07-09,,local-only,local,2012/20120709.mp3,,
2012,29,2012-07-16,,local-only,local,2012/20120716.mp3,,
2012,30,2012-07-30,,local-only,local,2012/20120730.mp3,,
2012,31,2012-08-13,,local-only,local,2012/20120813.mp3,,
2012,32,2012-08-20,,local-only,local,2012/20120820.mp3,,
2012,33,2012-08-27,,local-only,local,2012/20120827.mp3,,
2012,34,2012-09-03,,local-only,local,2012/20120903.mp3,,
2012,35,2012-09-10,,local-only,local,2012/20120910.mp3,,
2012,36,2012-09-17,,local-only,local,2012/20120917.mp3,,
2012,37,2012-09-24,,local-only,local,2012/20120924.mp3,,
2012,38,2012-10-01,,local-only,local,2012/20121001.mp3,,
2012,39,2012-10-08,,local-only,local,2012/20121008.mp3,,
2012,40,2012-10-10,,local-only,local,2012/20101015.mp3,,
2012,41,2012-10-22,,local-only,local,2012/20121022.mp3,,
2012,42,2012-10-29,,local-only,local,2012/20121029P.mp3,,
2012,43,2012-11-05,,local-only,local,2012/P20121105.mp3,,
2012,44,2012-11-12,"November12 , 2012",local-only,local,2012/20121112P.mp3,,
2012,45,2012-11-19,,local-only,local,2012/20121119P.mp3,,
2012,46,2012-11-27,,local-only,local,2012/20121127.mp3,,
2012,47,2012-12-03,,local-only,local,2012/20121203.mp3,,
2012,48,2012-12-10,,local-only,local,2012/20121210.mp3,,
2012,49,2012-12-17,,local-only,local,2012/20121217P.mp3,,
2013,1,2013-01-07,,local-only,local,2013/20130107.mp3,,
2013,2,2013-01-14,,local-only,local,2013/20130114.mp3,,
2013,3,2013-01-21,,local-only,local,2013/20130121.mp3,,
2013,4,2013-01-28,,local-only,local,2013/20130128.mp3,,
2013,5,2013-02-10,,local-only,local,2013/20130210.mp3,,
2013,6,2013-02-15,"Tighten Up On Your Job, Homey",confirmed,rss,2013/20130204.mp3,ep-003-75650bdcb4,
2013,7,2013-02-15,"February 11, 2013 Podcast",rss-only,rss,,february-11-2013-podcast-264aa5df7a,
2013,8,2013-02-19,,local-only,local,2013/20130219.mp3,,
2013,9,2013-03-21,"February 25, 2013 Podcast",confirmed,rss,2013/20130226.mp3,february-25-2013-podcast-fbbe47e810,
2013,10,2013-03-21,"March 11, 2013 Podcast",confirmed,rss,2013/20130311.mp3,march-11-2013-podcast-37d73e6f42,
2013,11,2013-03-21,"March 18, 2013 Podcast",confirmed,rss,2013/20130318.mp3,march-18-2013-podcast-0dad64cf0b,
2013,12,2013-03-26,"March 25, 2013 Podcast",confirmed,rss,2013/20130325.mp3,march-25-2013-podcast-053a7715e9,
2013,13,2013-04-02,,confirmed,rss,2013/20130401P.mp3,live-from-the-path-04-01-2013-1ef433d7e9,
2013,14,2013-04-15,,local-only,local,2013/Live From The Path - 4 15 2013 (2016_10_07 00_26_59 UTC).mp3,,
2013,15,2013-04-16,"April 15, 2013 Podcast",confirmed,local-recovery,2014/20140623 (2016_10_07 00_26_59 UTC).mp3,april-15-2013-podcast-048ac13448,
2013,16,2013-05-03,"April 29, 2013 Podcast",confirmed,rss,2013/20130429 (2016_10_07 00_26_59 UTC).mp3,april-29-2013-podcast-c6cb7b11b5,
2013,17,2013-05-07,Special Interview – Silversyde,confirmed,rss,2013/20130506 - Silversyde.mp3,special-interview-silversyde-bae3b810cb,
2013,18,2013-05-09,"May 6, 2013 Podcast",confirmed,rss,2013/20130506.mp3,may-6-2013-podcast-1987af4c5b,
2013,19,2013-05-10,,local-only,local,2013/20130510KTIA.mp3,,
2013,20,2013-05-13,"May 13, 2013 Podcast",local-only,local,2013/20130513 (2016_10_07 00_26_59 UTC).mp3,,
2013,21,2013-05-17,"May 13, 2013 Podcast",rss-only,rss,,may-13-2013-podcast-04ae8babe7,
2013,22,2013-05-21,"May 20, 2013 Podcast",confirmed,rss,2013/20130520.mp3,may-20-2013-podcast-dd0b4b51e6,
2013,23,2013-05-28,"May 27, 2013 Podcast",confirmed,rss,2013/20130527.mp3,may-27-2013-podcast-97dbf763ac,
2013,24,2013-06-10,"June 10, 2013 Podcast",local-only,local,2013/20130610 (2016_10_07 00_26_59 UTC).mp3,,
2013,25,2013-06-13,"June 10, 2013 Podcast",rss-only,rss,,june-10-2013-podcast-71ca3f89b6,
2013,26,2013-06-18,"June 17, 2013 Podcast",confirmed,rss,2013/20130617.mp3,june-17-2013-podcast-2f71c49deb,
2013,27,2013-06-25,"June 24, 2013 Podcast",confirmed,rss,2013/20130624.mp3,june-24-2013-podcast-38e27fca51,
2013,28,2013-07-03,"July 1, 2013 Podcast",confirmed,rss,2013/20130701 (2016_10_07 00_26_59 UTC).mp3,july-1-2013-podcast-001fd5fd3d,
2013,29,2013-07-09,"July 8, 2013 Podcast",confirmed,rss,2013/20130708.mp3,july-8-2013-podcast-b780bca41a,
2013,30,2013-07-16,"July 15, 2013 Podcast",confirmed,rss,,july-15-2013-podcast-d653c75c3f,
2013,31,2013-07-23,"July 22, 2013 Podcast",confirmed,rss,2013/20130722 (2016_10_07 00_26_59 UTC).mp3,july-22-2013-podcast-c1d3828804,
2013,32,2013-07-30,"July 29, 2013 Podcast",confirmed,rss,2013/20130729.mp3,july-29-2013-podcast-6a93834a3b,
2013,33,2013-08-04,"August 4, 2013 Podcast",local-only,local,2013/20130804 (2016_10_07 00_26_59 UTC).mp3,,
2013,34,2013-08-08,"August 4, 2013 Podcast",rss-only,rss,,august-4-2013-podcast-4779ab910d,
2013,35,2013-08-14,"August 12, 2013 Podcast",confirmed,rss,2013/20130812.mp3,august-12-2013-podcast-cf0d4b2e71,
2013,36,2013-08-31,"August 26, 2013 Podcast",confirmed,rss,2013/20130827 (2016_10_07 00_26_59 UTC).mp3,august-26-2013-podcast-73b17bef86,
2013,37,2013-09-09,"April 15, 2013 Podcast",local-only,local,2013/20130909 (2016_10_07 00_26_59 UTC).mp3,,
2013,38,2013-09-12,"September 9, 2013 Podcast",rss-only,rss,,september-9-2013-podcast-0ccc9a8df3,
2013,39,2013-09-18,"September 16, 2013 Podcast",confirmed,rss,2013/20130916 (2016_10_07 00_26_59 UTC).mp3,september-16-2013-podcast-528660bd40,
2013,40,2013-09-23,,local-only,local,2013/20130923 (2016_10_07 00_26_59 UTC).mp3,,
2013,41,2013-09-26,"September 23, 2013 Podcast",rss-only,rss,,september-23-2013-podcast-1d88ecff4f,
2013,42,2013-10-01,"September 30, 2013 Podcast",confirmed,rss,2013/20130930 (2016_10_07 00_26_59 UTC).mp3,september-30-2013-podcast-8c869f5c35,
2013,43,2013-10-08,"October 7, 2013 Podcast",confirmed,rss,2013/20131007.mp3,october-7-2013-podcast-fafda2301e,
2013,44,2013-10-15,"October 14, 2013 Podcast",confirmed,rss,2013/20131014.mp3,october-14-2013-podcast-27afa6ca61,
2013,45,2013-10-21,,local-only,local,2013/20131021 (2016_10_07 00_26_59 UTC).mp3,,
2013,46,2013-10-21,"October 21, 2013 Podcast",local-only,local,2013/20131021P (2016_10_07 00_26_59 UTC).mp3,,
2013,47,2013-10-26,"October 21, 2013 Podcast",rss-only,rss,,october-21-2013-podcast-b91eca7d84,
2013,48,2013-10-29,"October 28, 2013 Podcast",confirmed,rss,2013/20131028.mp3,october-28-2013-podcast-08a0459303,
2013,49,2013-11-05,"November 4, 2013 Podcast",confirmed,rss,2013/20131104.mp3,november-4-2013-podcast-7d1fb788c0,
2013,50,2013-11-12,"November 11, 2013 Podcast",confirmed,rss,2013/20131111.mp3,november-11-2013-podcast-020c764497,
2013,51,2013-11-26,"November 25, 2013 Podcast",confirmed,rss,2013/20131125.mp3,november-25-2013-podcast-6f841e5e3d,
2013,52,2013-12-06,"December 02, 2013 Podcast",confirmed,rss,2013/20131202.mp3,december-02-2013-podcast-4ce36a71e4,
2013,53,2013-12-20,"December 16, 2013 Podcast",confirmed,rss,2013/20131216 (2016_10_07 00_26_59 UTC).mp3,december-16-2013-podcast-f228fbd46e,
2013,54,2013-12-24,"December 23, 2013 Podcast",confirmed,rss,2013/20131223.mp3,december-23-2013-podcast-624ea205ac,
2013,55,2013-12-31,"December 30, 2013 Podcast",confirmed,rss,2013/20131230.mp3,december-30-2013-podcast-41faee121b,
2013,56,,,confirmed,local,2013/PodcastDivert.mp3,,Exact episode date unresolved
2014,1,2014-01-07,"January 6, 2014 Podcast",confirmed,rss,2014/20140106 (2016_10_07 00_26_59 UTC).mp3,january-6-2014-podcast-0d27c1d40f,
2014,2,2014-01-21,"January 20, 2014 Podcast",confirmed,rss,2014/20140120.mp3,january-20-2014-podcast-7ef1d9173b,
2014,3,2014-01-28,"January 27, 2014 Podcast",confirmed,rss,2014/20140127.mp3,january-27-2014-podcast-ff70650899,
2014,4,2014-02-03,,local-only,local,2014/20140203 (2016_10_07 00_26_59 UTC).mp3,,
2014,5,2014-02-06,"February 3, 2014 Podcast",rss-only,rss,,february-3-2014-podcast-efdb05465d,
2014,6,2014-02-16,"February 10, 2014 Podcast",confirmed,rss,2014/20140210.mp3,february-10-2014-podcast-8183b25a26,
2014,7,2014-02-23,"February 17, 2014 Podcast",confirmed,rss,2014/20140217.mp3,february-17-2014-podcast-3ef35a9375,
2014,8,2014-02-25,"February 24, 2014 Podcast",confirmed,rss,2014/20140224.mp3,february-24-2014-podcast-d564d1691b,
2014,9,2014-03-04,"March 03, 2014 Podcast",confirmed,rss,2014/20140303.mp3,march-03-2014-podcast-d139bd64df,
2014,10,2014-03-18,"March 17, 2014 Podcast",confirmed,rss,2014/20140317.mp3,march-17-2014-podcast-a6afd91202,
2014,11,2014-03-25,"March 24, 2014 Podcast",confirmed,rss,2014/20140324.mp3,march-24-2014-podcast-53b14efc24,
2014,12,2014-04-01,"March 31, 2014 Podcast",confirmed,rss,2014/20140331.mp3,march-31-2014-podcast-ba69b29dc8,
2014,13,2014-04-08,"April 7, 2014 Podcast",confirmed,rss,2014/20140407.mp3,april-7-2014-podcast-08a3b9b2cd,
2014,14,2014-04-15,"April 14, 2014 Podcast",confirmed,rss,2014/20140414.mp3,april-14-2014-podcast-54123acf24,
2014,15,2014-04-21,,local-only,local,2014/20140421 (2016_10_07 00_26_59 UTC).mp3,,
2014,16,2014-04-25,"April 21, 2014 Podcast",confirmed,rss,2014/20140421.mp3,april-21-2014-podcast-991262fcf7,
2014,17,2014-04-29,"April 28, 2014 Podcast",confirmed,rss,2014/20140428.mp3,april-28-2014-podcast-066e29b90a,
2014,18,2014-05-06,"May 5, 2014 Podcast",confirmed,rss,2014/20140505.mp3,may-5-2014-podcast-d1cb26ec0c,
2014,19,2014-05-13,"May 12, 2014 Podcast",rss-only,rss,,may-12-2014-podcast-dce8f5b84d,
2014,20,2014-05-23,"May 19, 2014 Podcast",confirmed,rss,2014/20140519 (2016_10_07 00_26_59 UTC).mp3,may-19-2014-podcast-cc21a1b881,
2014,21,2014-05-27,"May 26, 2014 Podcast",confirmed,rss,2014/20140526.mp3,may-26-2014-podcast-cdf19b2648,
2014,22,2014-06-03,"June 2, 2014 Podcast w/ Jon Acuff",confirmed,rss,2014/20140602.mp3,june-2-2014-podcast-w-jon-acuff-1ba9413c8b,
2014,23,2014-06-10,"June 9, 2014 Podcast",confirmed,rss,2014/20140609.mp3,june-9-2014-podcast-23df1780ec,
2014,24,2014-06-17,"June 16, 2014 Podcast",confirmed,rss,2014/20140616.mp3,june-16-2014-podcast-00b9898349,
2014,25,2014-06-27,"June 23, 2014 Podcast",rss-only,rss,,june-23-2014-podcast-152e40fce5,
2014,26,2014-07-01,"June 30, 2014 Podcast",confirmed,rss,2014/20140630.mp3,june-30-2014-podcast-30588e0cb8,
2014,27,2014-07-08,"July 7, 2014 Podcast",confirmed,rss,2014/20140707.mp3,july-7-2014-podcast-56bbbd54a4,
2014,28,2014-07-20,,local-only,local,2014/20140720 (2016_10_07 00_26_59 UTC).mp3,,
2014,29,2014-07-21,"July 14, 2014 Podcast",rss-only,rss,,july-14-2014-podcast-14585f5ede,
2014,30,2014-07-22,"July 21, 2014 Podcast",confirmed,rss,,july-21-2014-podcast-b08a7dfc28,
2014,31,2014-08-04,,local-only,local,2014/20140804 (2016_10_07 00_26_59 UTC) (1).mp3,,
2014,32,2014-08-04,"August 4, 2014 Podcast",local-only,local,2014/20140804Podcast (2016_10_07 00_26_59 UTC).mp3,,
2014,33,2014-08-08,Silversyde,rss-only,rss,,silversyde-8cf4b73e01,
2014,34,2014-08-26,"August 11, 2014 Podcast",confirmed,rss,2014/20140811.mp3,august-11-2014-podcast-f0f6dfdf66,
2014,35,2014-08-26,"August 18, 2014 Podcast",confirmed,rss,2014/20140818.mp3,august-18-2014-podcast-04449c3c97,
2014,36,2014-08-26,"August 25, 2014 Podcast",confirmed,rss,2014/20140825.mp3,august-25-2014-podcast-f5787b2469,
2014,37,2014-09-17,"September 15, 2014 Podcast",confirmed,rss,2014/20140916.mp3,september-15-2014-podcast-1c278d685b,
2014,38,2014-09-30,"September 29, 2014 Podcast",rss-only,rss,,september-29-2014-podcast-fbe5f44e02,
2014,39,2014-10-14,"October 13, 2014 Podcast",confirmed,rss,2014/20141013.mp3,october-13-2014-podcast-6759322f14,
2014,40,2014-10-22,"October 20, 2014 Podcast",rss-only,rss,,october-20-2014-podcast-793787d574,
2014,41,2014-10-29,"October 27, 2014 Podcast",rss-only,rss,,october-27-2014-podcast-715ba92856,
2014,42,2014-11-10,"November 3, 2014 Podcast",rss-only,rss,,november-3-2014-podcast-9ec686cb69,
2014,43,2014-11-17,"November 10, 2014 Podcast",confirmed,rss,2014/20141110 (2016_10_07 00_26_59 UTC).mp3,november-10-2014-podcast-2d1d4283bb,
2014,44,2014-11-21,"November 17, 2014 Podcast",confirmed,rss,2014/20141117 (2016_10_07 00_26_59 UTC).mp3,november-17-2014-podcast-db82bbce40,
2014,45,2014-11-24,,local-only,local,2014/20141124 (2016_10_07 00_26_59 UTC).mp3,,
2014,46,2014-12-01,,local-only,local,2014/20141201 (2016_10_07 00_26_59 UTC).mp3,,
2014,47,2014-12-01,"November 24, 2014 Podcast",rss-only,rss,,november-24-2014-podcast-ad81f83b87,
2014,48,2014-12-04,"December 1, 2014 Podcast",rss-only,rss,,december-1-2014-podcast-ed00fa7949,
2014,49,2014-12-10,"December 8, 2014 Podcast",confirmed,rss,2014/20141208 (2016_10_07 00_26_59 UTC).mp3,december-8-2014-podcast-30478eb862,
2014,50,2014-12-15,,local-only,local,2014/20141215 (2016_10_07 00_26_59 UTC).mp3,,
2014,51,2014-12-18,"December 15, 2014 Podcast",rss-only,rss,,december-15-2014-podcast-6e2098dac9,
2014,52,2014-12-23,"December 22, 2014 Podcast",confirmed,rss,2014/20141221.mp3,december-22-2014-podcast-e564a2d215,
2014,53,2014-12-30,"December 29, 2014 Podcast",confirmed,rss,2014/20141229.mp3,ep-030-3a2fd31427,
2015,1,2015-01-12,,local-only,local,2015/20150112 (2016_10_07 00_26_59 UTC).mp3,,
2015,2,2015-01-15,,local-only,local,2015/20150115 (2016_10_07 00_26_59 UTC).mp3,,
2015,3,2015-01-19,"January 12, 2015 Podcast",rss-only,rss,,january-12-2015-podcast-4376d82a3e,
2015,4,2015-01-20,"January 19, 2015 Podcast",confirmed,rss,,january-19-2015-podcast-96a7576e1b,
2015,5,2015-02-03,"February 2, 2015 Podcast",confirmed,rss,2015/20150202.mp3,february-2-2015-podcast-7909d25843,
2015,6,2015-02-13,"February 9, 2015 Podcast",confirmed,rss,2015/20150209.mp3,february-9-2015-podcast-b220c514d2,
2015,7,2015-02-16,,local-only,local,2015/20150216 (2016_10_07 00_26_59 UTC).mp3,,
2015,8,2015-02-16,,local-only,local,2015/20150216(2) (2016_10_07 00_26_59 UTC) (1).mp3,,
2015,9,2015-02-19,"February 16, 2015 Podcast",rss-only,rss,,february-16-2015-podcast-544e4b5f6e,
2015,10,2015-02-23,,local-only,local,2015/20150223 (2016_10_07 00_26_59 UTC).mp3,,
2015,11,2015-03-02,,local-only,local,2015/20140302 (2016_10_07 00_26_59 UTC).mp3,,
2015,12,2015-03-02,,local-only,local,2015/20150302 (2016_10_07 00_26_59 UTC).mp3,,
2015,13,2015-03-05,"February 23, 2015 Podcast",rss-only,rss,,february-23-2015-podcast-bdf1be2ec2,
2015,14,2015-03-05,"March 2, 2015 Podcast",rss-only,rss,,march-2-2015-podcast-e3675547bd,
2015,15,2015-03-09,,local-only,local,2015/20150309.mp3,,
2015,16,2015-03-10,"March 9, 2015 Podcast",confirmed,rss,2015/20150309 (2016_10_07 00_26_59 UTC).mp3,march-9-2015-podcast-6f59b77b95,
2015,17,2015-03-16,,local-only,local,2015/20150316 (2016_10_07 00_26_59 UTC).mp3,,
2015,18,2015-03-16,,local-only,local,2015/Live From The Path - 3162015 (2016_10_07 00_26_59 UTC).mp3,,
2015,19,2015-03-19,"March 16, 2015 Podcast",rss-only,rss,,march-16-2015-podcast-e09b528f00,
2015,20,2015-03-23,,local-only,local,2015/20150323 (2016_10_07 00_26_59 UTC) (1).mp3,,
2015,21,2015-03-23,,local-only,local,2015/20150323 (2016_10_07 00_26_59 UTC).mp3,,
2015,22,2015-03-27,"March 23, 2015 Podcast",rss-only,rss,,march-23-2015-podcast-39783c0dd7,
2015,23,2015-03-30,,local-only,local,2015/Live From The Path - 03-30-2015 (2016_10_07 00_26_59 UTC).mp3,,
2015,24,2015-03-31,"March 30, 2015 Podcast",confirmed,rss,2015/20150330.mp3,march-30-2015-podcast-b3473d01e7,
2015,25,2015-04-06,,local-only,local,2016/Live From The Path - 462015 (2016_10_07 00_26_59 UTC).mp3,,
2015,26,2015-04-07,"April 6, 2015 Podcast",confirmed,rss,,april-6-2015-podcast-efd6e7fd27,
2015,27,2015-04-21,"April 20, 2015 Podcast",confirmed,rss,2015/20150420.mp3,april-20-2015-podcast-ae94751790,
2015,28,2015-04-27,,local-only,local,"2015/Live From The Path - April 27, 2015 (2016_10_07 00_26_59 UTC).mp3",,
2015,29,2015-04-29,"April 27, 2015 Podcast",rss-only,rss,,april-27-2015-podcast-4a12fb63ce,
2015,30,2015-05-05,"May 4, 2015 Podcast",confirmed,rss,2015/20150504.mp3,may-4-2015-podcast-a9526c79f6,
2015,31,2015-05-11,,local-only,local,2015/Live From The Path - 5-11-2015 (2016_10_07 00_26_59 UTC).mp3,,
2015,32,2015-05-13,"May 11, 2015 Podcast",confirmed,rss,2015/20150511.mp3,may-11-2015-podcast-73cf64f057,
2015,33,2015-05-18,,local-only,local,2015/20150518TIA (2016_10_07 00_26_59 UTC).mp3,,
2015,34,2015-05-18,,local-only,local,2015/20150518 (2016_10_07 00_26_59 UTC).mp3,,
2015,35,2015-05-18,,local-only,local,"2015/Live From The Path - May 18, 2015 (2016_10_07 00_26_59 UTC).mp3",,
2015,36,2015-05-22,"May 18, 2015 Podcast",rss-only,rss,,may-18-2015-podcast-f9265c15b7,
2015,37,2015-06-02,"June 1, 2015 Podcast",confirmed,rss,2015/20150601.mp3,june-1-2015-podcast-5a5d738e76,
2015,38,2015-06-08,,local-only,local,"2015/Live From The Path - June 8, 2015 (2016_10_07 00_26_59 UTC).mp3",,
2015,39,2015-06-09,"June 8, 2015 Podcast",confirmed,rss,2015/20150608.mp3,june-8-2015-podcast-39fdb911a0,
2015,40,2015-06-19,"June 15, 2015 Podcast",confirmed,rss,2015/20150615.mp3,june-15-2015-podcast-63b16d767a,
2015,41,2015-06-24,"June 22, 2015 Podcast",confirmed,rss,2015/20150622 (2016_10_07 00_26_59 UTC).mp3,june-22-2015-podcast-8cb941897f,
2015,42,2015-06-30,"June 29, 2015 Podcast",confirmed,rss,2015/20150629.mp3,june-29-2015-podcast-7df9273e60,
2015,43,2015-07-07,July 7 2015 Podcast,confirmed,rss,2015/20150706.mp3,july-7-2015-podcast-dd820b3593,
2015,44,2015-07-13,,local-only,local,2015/20150713 (2016_10_07 00_26_59 UTC).mp3,,
2015,45,2015-07-17,July 13 2015 Podcast,rss-only,rss,,july-13-2015-podcast-db74a3350e,
2015,46,2015-07-22,July 20 2015 Podcast – Driven 11,confirmed,rss,2015/20150720 (2016_10_07 00_26_59 UTC).mp3,july-20-2015-podcast-driven-11-6f9f325b35,
2015,47,2015-07-27,,local-only,local,2015/Live From The Path - 7-27-2015 (2016_10_07 00_26_59 UTC).mp3,,
2015,48,2015-07-29,July 27 2015 Podcast – Eisenlauer Team,confirmed,rss,2015/20150727 (2016_10_07 00_26_59 UTC).mp3,july-27-2015-podcast-eisenlauer-team-bb27160a9c,
2015,49,2015-08-04,"August 3, 2015 Podcast",confirmed,rss,2015/20150803.mp3,august-3-2015-podcast-8630305c5b,
2015,50,2015-08-10,,local-only,local,"2015/Live From The Path - August 10, 2015 (2016_10_07 00_26_59 UTC).mp3",,
2015,51,2015-08-11,"August 10, 2015 Podcast",confirmed,rss,2015/20150811.mp3,august-10-2015-podcast-4c16e51f1c,
2015,52,2015-08-18,"August 17, 2015 Podcast",confirmed,rss,2015/20150817.mp3,august-17-2015-podcast-c93ed25f66,
2015,53,2015-08-24,,local-only,local,"2015/Live From The Path - August 24, 2015 (2016_10_07 00_26_59 UTC).mp3",,
2015,54,2015-08-26,"August 24, 2015 Podcast",confirmed,rss,2015/20150824.mp3,august-24-2015-podcast-4ec215ed0f,
2015,55,2015-09-01,"August 31, 2015 Podcast",confirmed,rss,2015/20150831.mp3,august-31-2015-podcast-04531b6f97,
2015,56,2015-09-08,"September 7, 2015 Podcast",confirmed,rss,2015/20150907.mp3,september-7-2015-podcast-7796fc88e3,
2015,57,2015-09-22,"September 21, 2015 Podcast",confirmed,rss,2015/20150921.mp3,september-21-2015-podcast-b02260f58e,
2015,58,2015-09-29,"September 28, 2015 Podcast",confirmed,rss,2015/20150928.mp3,september-28-2015-podcast-502b441724,
2015,59,2015-10-06,"October 5, 2015 Podcast",confirmed,rss,2015/20151005.mp3,october-5-2015-podcast-b113b7aa1a,
2015,60,2015-10-13,"October 12, 2015 Podcast",confirmed,rss,2015/20151012.mp3,october-12-2015-podcast-c05688bf8a,
2015,61,2015-10-20,"October 19, 2015 Podcast",confirmed,rss,2015/20151019.mp3,october-19-2015-podcast-14c6cb7bca,
2015,62,2015-10-29,"October 26, 2015 Podcast",rss-only,rss,,october-26-2015-podcast-339a785709,
2015,63,2015-11-10,"November 2, 2015 Podcast",confirmed,rss,2015/20151102.mp3,november-2-2015-podcast-a0338a0be2,
2015,64,2015-11-10,"November 9, 2015 Podcast",confirmed,rss,2015/20151109.mp3,november-9-2015-podcast-57e812b5f3,
2015,65,2015-11-17,"November 16, 2015 Podcast",confirmed,rss,2015/20151116.mp3,november-16-2015-podcast-c238c38c5e,
2015,66,2015-11-24,"November 23, 2015 Podcast",confirmed,rss,2015/20151123.mp3,november-23-2015-podcast-1dff7e09b8,
2015,67,2015-12-01,"November 30, 2015 Podcast",confirmed,rss,2015/20151130.mp3,november-30-2015-podcast-eb1c101da7,
2015,68,2015-12-08,"December 7, 2015 Podcast",confirmed,rss,2015/20151207 (2016_10_07 00_26_59 UTC).mp3,december-7-2015-podcast-d3e8ab5866,
2015,69,2015-12-23,Retro LFTP: 1st Episode,rss-only,rss,,retro-lftp-1st-episode-6491c027de,
2015,70,,Live From The Path - Silversyde 2015,confirmed,local,2015/Live From The Path - Silversyde 2015 (2016_10_07 00_26_59 UTC).mp3,,Exact episode date unresolved
2016,1,2016-01-05,"2016 Episode 1 | Hell, Closed Handed Issues, and Prophecy",confirmed,rss,2016/20160104.mp3,2016-episode-1-hell-closed-handed-issues-and-pro-1ce70e758e,
2016,2,2016-01-12,2016 Episode 2,confirmed,rss,2016/20160112.mp3,2016-episode-2-3fa7e13d2e,
2016,3,2016-01-19,2016 Episode 3,confirmed,rss,2016/20160118.mp3,2016-episode-3-00a957fe06,
2016,4,2016-01-26,2016 Episode 4,confirmed,rss,2016/20160125.mp3,2016-episode-4-a991ce0f7b,
2016,5,2016-02-02,2016 Episode 5,confirmed,rss,2016/20160201.mp3,2016-episode-5-19b260c774,
2016,6,2016-02-09,2016 Episode 6,confirmed,rss,2016/20160208.mp3,2016-episode-6-cbc98a252e,
2016,7,2016-02-16,2016 Episode 7,confirmed,rss,2016/20160215.mp3,2016-episode-7-8ff2c35aab,
2016,8,2016-02-23,2016 Episode 8,confirmed,rss,2016/20160223.mp3,2016-episode-8-7d0ca85ebf,
2016,9,2016-03-01,2016 Episode 9,rss-only,rss,,2016-episode-9-7a5bb83344,
2016,10,2016-03-17,2016 Episode 10,confirmed,rss,2016/20160314.mp3,2016-episode-10-9945f0890b,
2016,11,2016-03-22,2016 Episode 11,confirmed,rss,2016/20160321E10.mp3,2016-episode-11-bc14e5e5bd,
2016,12,2016-03-29,2016 Episode 12,confirmed,rss,2016/20160328.mp3,2016-episode-12-3b483bdfa4,
2016,13,2016-04-11,2016 E13 | 04/11/2016,local-only,local,2016/20160411 (2016_10_07 00_26_59 UTC).mp3,,
2016,14,2016-04-15,2016 Episode 13,rss-only,rss,,2016-episode-13-c801fdde40,
2016,15,2016-04-18,,local-only,local,2016/20160418 (2016_10_07 00_26_59 UTC).mp3,,
2016,16,2016-04-27,2016 Episode 14,rss-only,rss,,2016-episode-14-0acb302933,
2016,17,2016-04-27,2016 Episode 15,confirmed,local-recovery,2016/20160425 (2016_10_07 00_26_59 UTC).mp3,2016-episode-15-2df347a1ec,
2016,18,2016-05-11,2016 Episode 17,confirmed,rss,2016/20160509.mp3,2016-episode-17-70698b783e,
2016,19,2016-05-17,2016 Episode 18,confirmed,rss,2016/20160516.mp3,2016-episode-18-1c09cd5617,
2016,20,2016-05-24,2016 Episode 19,rss-only,rss,,2016-episode-19-841aedc3d8,
2016,21,2016-06-07,2016 Episode 20,confirmed,rss,2016/20160606.mp3,2016-episode-20-da81d522f6,
2016,22,2016-06-21,2016 Episode 21,confirmed,rss,2016/20160613.mp3,2016-episode-21-415a909f26,
2016,23,2016-06-21,2016 Episode 22,confirmed,rss,2016/20160620.mp3,2016-episode-22-c038436afc,
2016,24,2016-06-28,2016 Episode 23,confirmed,rss,2016/20160627.mp3,2016-episode-23-377946b0ca,
2016,25,2016-07-12,2016 Episode 24,confirmed,rss,2016/20160711.mp3,2016-episode-24-847ba0d023,
2016,26,2016-07-19,2016 Episode 25,confirmed,rss,2016/20160718.mp3,2016-episode-25-643b7be317,
2016,27,2016-07-26,2016 Episode 26,confirmed,rss,2016/20160725.mp3,2016-episode-26-30e9188dca,
2016,28,2016-08-09,2016 Episode 27,confirmed,rss,2016/20160801.mp3,2016-episode-27-8338022b2c,
2016,29,2016-08-09,2016 Episode 28,confirmed,rss,2016/20160808.mp3,2016-episode-28-76efe49e3d,
2016,30,2016-08-18,2016 Episode 29,confirmed,rss,2016/20160815.mp3,2016-episode-29-6cbc27897e,
2016,31,2016-08-23,2016 Episode 30,confirmed,rss,2016/20160822.mp3,2016-episode-30-479bfa2128,
2016,32,2016-08-30,2016 Episode 31,confirmed,rss,2016/20160829.mp3,2016-episode-31-31d1f631fa,
2016,33,2016-09-06,2016 Episode 32,confirmed,rss,2016/20160905.mp3,2016-episode-32-fb97a96e02,
2016,34,2016-09-13,2016 Episode 33,confirmed,rss,2016/20160912.mp3,2016-episode-33-c395157afc,
2016,35,2016-09-27,2016 Episode 34,confirmed,rss,2016/20160926.mp3,2016-episode-34-d6c981e65f,
2016,36,2016-10-05,2016 Episode 35,confirmed,rss,2016/20161003.mp3,2016-episode-35-03f99ff222,
2016,37,2016-10-12,2016 Episode 36,confirmed,rss,2016/20161010.mp3,2016-episode-36-aa1373a7a1,
2016,38,2016-10-18,2016 Episode 37,confirmed,rss,2016/20161017.mp3,2016-episode-37-4c27010404,
2016,39,2016-10-25,2016 Episode 38,confirmed,rss,2016/20161024.mp3,2016-episode-38-da78c6362e,
2016,40,2016-11-01,2016 Episode 39,confirmed,rss,2016/20161031.mp3,2016-episode-39-3876a2d1fa,
2016,41,2016-11-08,2016 Episode 40,confirmed,rss,2016/20161107.mp3,2016-episode-40-79425106f4,
2016,42,2016-11-15,2016 Episode 41,confirmed,rss,2016/20161114.mp3,2016-episode-41-208c6be6c5,
2016,43,2016-11-22,2016 Episode 42,confirmed,rss,2016/20161121.mp3,2016-episode-42-08cf2f16df,
2016,44,2016-11-29,2016 Episode 43,rss-only,rss,,2016-episode-43-04d086894a,
2016,45,2016-12-20,2016 Episode 44,rss-only,rss,,2016-episode-44-1dcb828cc2,
2016,46,,Live From The Path w/ Jacey,local-only,local,2016/Live From The Path - Live From The Path w- Jacey (2016_10_07 00_26_59 UTC).mp3,,Exact episode date unresolved
2017,1,2017-01-03,2017 Episode 1,rss-only,rss,,ep-001-e8e472284f,
2017,2,2017-01-13,2017 Episode 2,rss-only,rss,,2017-episode-2-713ab37133,
2017,3,2017-01-31,2017 Episode 3,confirmed,rss,2017/20170130.mp3,2017-episode-3-cf0cb680c6,
2017,4,2017-02-14,2017 Episode 4,confirmed,rss,2017/20170213.mp3,2017-episode-4-8807f74f09,
2017,5,2017-02-21,2017 Episode 5,rss-only,rss,,2017-episode-5-8479e8aef1,
2017,6,2017-02-28,2017 Episode 6,rss-only,rss,,2017-episode-6-2955ffa381,
2017,7,2017-03-09,2017 Episode 7,rss-only,rss,,2017-episode-7-233e6eebf5,
2017,8,2017-03-14,2017 Episode 8,confirmed,rss,2017/20170313.mp3,ep-008-4ceb642f3e,
2017,9,2017-03-21,2017 Episode 9,confirmed,rss,2017/20170320.mp3,2017-episode-9-0a93ca4502,
2017,10,2017-03-28,2017 Episode 10,confirmed,rss,2017/20170327.mp3,2017-episode-10-fd85c724f2,
2017,11,2017-04-11,2017 Episode 11,confirmed,rss,2017/20170411.mp3,2017-episode-11-fff401e20f,
2017,12,2017-04-18,2017 Episode 12,confirmed,rss,2017/20170417.mp3,2017-episode-12-bbcfa855e9,
2017,13,2017-04-30,2017 Episode 13,confirmed,rss,2017/20170424.mp3,2017-episode-13-3badc9ac32,
2017,14,2017-05-02,2017 Episode 14,confirmed,rss,2017/20170501.mp3,ep-014-4c29b60980,
2017,15,2017-05-09,2017 Episode 15,confirmed,rss,2017/20170508.mp3,2017-episode-15-62ed778169,
2017,16,2017-05-16,Survey Says,confirmed,rss,2017/20170515.mp3,ep-017-850ae14184,
2017,17,2017-05-23,The Man Romper,confirmed,rss,2017/20170522.mp3,ep-017-4e10cdbd45,
2017,18,2017-06-06,Guppies and Pumpkins,confirmed,rss,2017/20170605.mp3,ep-018-6dd8275e8e,
2017,19,2017-06-13,"Too Long, Didn’t Read It",confirmed,rss,2017/20170612.mp3,ep-019-34901492af,
2017,20,2017-06-20,From Rib to Reality,confirmed,rss,2017/20170619.mp3,ep-020-3033040430,
2017,21,2017-07-25,Got You Under My Skin,rss-only,rss,,ep-022-7eb1bcee42,
2017,22,2017-08-21,Hippo Valley PTA,confirmed,rss,2017/LFTP20170731.mp3,ep-023-a73cd6f7a7,
2017,23,2017-08-21,Discover Hope 5:17,confirmed,rss,2017/LFTP20170815.mp3,ep-024-ae948b33b4,
2017,24,2017-09-06,Texas Flood,rss-only,rss,,ep-025-a41785722c,
2017,25,2017-09-06,"Beg Your Pardon, Joel",confirmed,rss,2017/20170904E26.mp3,ep-026-134c99b825,
2017,26,2017-09-26,To Kneel or to Drag,rss-only,rss,,ep-027-e2fdb2148f,
2017,27,2017-10-22,The Christian Lorax,rss-only,rss,,ep-028-bffe3f407e,
2017,28,2017-10-22,"Crystal Joy, Completely Yours",confirmed,rss,2017/20171016.mp3,ep-029-4ef2c80abd,
2017,29,2017-10-24,Good News Changes the World: Health Care,rss-only,rss,,ep-030-13cac210e1,
2017,30,2017-11-22,Why Ladies Cheat,rss-only,rss,,ep-031-8a84c185fb,
2017,31,2017-11-29,Wings of Refuge,confirmed,rss,2017/20171128.mp3,ep-032-693a932c90,
2018,1,2018-01-17,Following the News,rss-only,rss,,ep-001-e6395023a7,
2018,2,2018-01-23,Kenny Got A Plane,rss-only,rss,,ep-002-cf2398c51e,
2018,3,2018-02-06,Rightfully Miffed,rss-only,rss,,ep-003-6d4c70d4fd,
2018,4,2018-02-27,Hinny Penny,rss-only,rss,,ep-004-3687f2b0b4,
2018,5,2018-03-06,Dirges,rss-only,rss,,ep-005-3e4afe5e95,
2018,6,2018-03-13,Egypt Jane,rss-only,rss,,ep-006-d224c6b7a3,
2018,7,2018-04-04,2018 Episode 6.5,rss-only,rss,,2018-episode-6-5-3ae72dc901,
2018,8,2018-04-10,Grammys and Cheeseburgers,rss-only,rss,,ep-007-e11cf603b7,
2018,9,2018-04-17,God and Hamilton,confirmed,rss,2018/20180416.mp3,ep-008-ca5f401aa4,
2018,10,2018-05-15,Risky Expectations,confirmed,rss,2018/20180514.mp3,ep-009-4028346113,
2018,11,2018-08-07,"Africa, AI and Advice",confirmed,rss,2018/20180806.mp3,ep-011-c53e9d5ed7,
2018,12,2018-08-21,Baby Shark,confirmed,rss,2018/20180820.mp3,ep-012-fef73f2f9e,
2018,13,2018-09-05,It Can Be Done From Jail,confirmed,rss,2018/20180903.mp3,ep-013-3a62c3a003,
2018,14,2018-09-18,Marriage For One,confirmed,rss,2018/20180917.mp3,ep-014-d300302fd8,
2018,15,2018-09-25,Our Daily Brad,confirmed,rss,2018/20180924.mp3,ep-015-af05502ec7,
2018,16,2018-10-09,Non-habitual,confirmed,rss,2018/20181008.mp3,ep-014-ef7c6e8e20,
2018,17,2018-10-16,Sabbath or Nah,confirmed,rss,2018/20181015.mp3,ep-017-9f8076d313,
2018,18,2018-10-23,The Weight of Grace,confirmed,rss,2018/20181022.mp3,ep-018-8055a3c660,
2018,19,2018-11-06,Hide It Under A Bush,confirmed,rss,2018/20181105.mp3,ep-019-bbe9ed7787,
2018,20,2018-11-13,Operation Christmas Trouble,confirmed,rss,2018/20181112.mp3,ep-020-b49953ea32,
2018,21,2018-11-20,Paul The Intern,confirmed,rss,2018/20181119.mp3,ep-021-1b9ce0468a,
2018,22,2018-12-04,A Bad Hombre Does Bad Things,confirmed,local-recovery,2018/20181126.mp3,ep-022-6b5dbf3a62,
2018,23,2018-12-11,Divided We Thrive,confirmed,rss,2018/20181210.mp3,ep-024-3a2e6f24ba,
2019,1,2019-01-15,Dan 4 Prez,confirmed,rss,2019/20190114.mp3,ep-001-4c679108e1,
2019,2,2019-01-29,Here’s My Card,confirmed,rss,2019/20190128.mp3,ep-002-c8ba10a831,
2019,3,2019-02-26,Millenio Evangelo,confirmed,rss,2019/20190225.mp3,ep-003-e017b4cde5,
2019,4,2019-03-13,Golden Calf Purity Rings,confirmed,rss,2019/20190311.mp3,ep-004-07c9412b43,
2019,5,2019-03-26,Opportunity By Association,confirmed,rss,2019/20190325.mp3,ep-003-26d2a49680,
2019,6,2019-04-09,Beyond the Country,confirmed,rss,2019/20190408.mp3,ep-006-b6396732e2,
2019,7,2019-04-16,Sir Billy McAllistair,confirmed,rss,2019/20190415.mp3,ep-007-a8c2058d86,
2019,8,2019-04-23,"Kids, Eat Free",confirmed,rss,2019/20190422.mp3,ep-008-c81e17215f,
2019,9,2019-05-07,Live From The Path | 2019 E10,local-only,local,2019/20190507.mp3,,
2019,10,2019-05-07,Into the Weeds,confirmed,local-recovery,2019/20190429.mp3,ep-009-ab3e7ade7c,
2019,11,2019-05-07,A Deep One,rss-only,rss,,ep-010-3150559a5d,
2019,12,2019-06-06,Interview with Zebedee,confirmed,rss,2019/2019_episode11.mp3,ep-011-aafe9f7862,
2019,13,2019-06-06,40 and Out,confirmed,rss,2019/2019_episode12.mp3,ep-012-cb0a23e97d,
2019,14,2019-06-11,Don’t Wet Your Pants,confirmed,rss,2019/20190610.mp3,ep-013-ed39b95a2c,
2019,15,2019-07-01,Live From The Path | 2019 E14,local-only,local,2019/20190701.mp3,,
2019,16,2019-07-02,The 104th Psalm,rss-only,rss,,ep-014-6e6314d867,
2019,17,2019-07-09,Zimbobster,confirmed,rss,2019/20190708.mp3,ep-015-2f70936ed3,
2019,18,2019-08-05,People Who Don’t Know Pat Sajack,confirmed,rss,2019/20190723.mp3,ep-015-ab8db5a908,
2019,19,2019-08-08,Methodist Lutheran Baptist,confirmed,rss,2019/20190805.mp3,ep-014-49f73e8141,
2019,20,2019-08-20,Scrub Your Yellas,confirmed,rss,2019/20190820.mp3,ep-018-5564d74bee,
2019,21,2019-08-29,Does This Holy Spirit Make Me Look Fat?,confirmed,rss,2019/20190826.mp3,ep-019-a4f76e03f0,
2019,22,2019-09-03,Live From The Path | 2019 E20,local-only,local,2019/20190903.mp3,,
2019,23,2019-09-03,Fascinating or Not Fascinating,rss-only,rss,,ep-020-95275f9721,
2019,24,2019-09-24,Friends in Muslim Places,confirmed,rss,2019/20190923.mp3,ep-021-166616bb61,
2019,25,2019-10-15,And Then I Got High,confirmed,rss,2019/20191014.mp3,ep-022-a2192b5dfc,
2019,26,2019-10-22,Trigger Me This,confirmed,rss,2019/20191021.mp3,ep-023-a974e2f6dd,
2019,27,2019-11-05,Live From The Path | 2019 E24,local-only,local,2019/20191105.mp3,,
2019,28,2019-11-05,August Guns,rss-only,rss,,ep-024-5b8f5f25fd,
2019,29,2019-11-12,"Moving Chan, Creeper Crist, and Pulpit Bullies",confirmed,rss,2019/20191111.mp3,ep-025-79c7c092dc,
2019,30,2019-11-22,"At Me, Bro",confirmed,rss,2019/20191118.mp3,ep-026-5e286bca88,
2019,31,2019-11-29,Renewing Deuces and Fearing God,confirmed,rss,2019/20191125x.mp3,ep-027-62c6a01609,
2019,32,2019-12-10,Allie Crummy and Video Game Jesus,confirmed,rss,2019/20191209.mp3,ep-028-a7c3a62f14,
2019,33,2019-12-24,Impeachment and the Pat Brigade,confirmed,rss,2019/20191223.mp3,ep-029-ee66008231,
2019,34,2019-12-31,Pastor Prints Face on Panties: A Rebuke in Three Parts,confirmed,rss,2019/20191230.mp3,ep-030-349c1adcde,
2020,1,2020-01-07,They Let Us On Legit Radio,rss-only,rss,,ep-001-da8037a25c,
2020,2,2020-01-14,More Generous Than Las Vegas,rss-only,rss,,ep-002-0dc650cdf0,
2020,3,2020-01-21,Interview: Phillip Ramsey with Uncommon Wealth Partners,confirmed,rss,2020/20200121.mp3,ep-003-9aa3463f65,
2020,4,2020-02-04,"Tunes with Jeff Arrandale, Prodigal Junk, and Drifting Families",confirmed,rss,2020/02032020.mp3,ep-004-cbba742eff,
2020,5,2020-02-18,How the Church is Solving Every Modern Problem Incorrectly,confirmed,rss,2020/20200217.mp3,ep-005-edaf521aae,
2020,6,2020-03-03,Pet Pastoring and Confounded on Dear LFTP,confirmed,rss,2020/20200302.mp3,ep-006-94b44e3702,
2020,7,2020-03-11,Interview with Blake Stanley with BLDR Apparel,confirmed,rss,2020/20200309.mp3,ep-007-68e6890a49,
2020,8,2020-03-17,Thus It Begins…COVID,confirmed,rss,2020/20200316.mp3,ep-008-516f3d4521,
2020,9,2020-03-24,COVID Continues and Easter at Home,confirmed,rss,2020/20200323_E09.mp3,ep-009-7115bbcf9f,
2020,10,2020-03-31,Ineffective Conspiracies and Monday Morning Christians,confirmed,rss,2020/20200330_E10.mp3,ep-010-9d77e0e934,
2020,11,2020-04-08,"Online COVID Church, Creepy Copeland, Advice",confirmed,rss,2020/20200406_E11.mp3,ep-012-de042d21cd,
2020,12,2020-04-14,It’s OK to Stay Home,confirmed,rss,2020/20200413_E12.mp3,ep-012-e8ee702ddc,
2020,13,2020-04-21,Little Things and Greeting Cards to Jesus,confirmed,rss,2020/20200420_E13.mp3,ep-013-e5d8e8e9e0,
2020,14,2020-04-28,The Dumpster Fire,confirmed,rss,2020/20200427_E14.mp3,ep-014-0a3969672a,
2020,15,2020-05-12,Reading Revelation Wrong,confirmed,rss,2020/20200511_E15.mp3,ep-015-ca57d4a9a7,
2020,16,2020-05-19,A COVID Debrief,confirmed,rss,2020/20200518_E16.mp3,ep-016-88360b9263,
2020,17,2020-05-26,Can We Always Be Like Jesus?,confirmed,rss,2020/20200525_E17.mp3,ep-017-11585e6cc7,
2020,18,2020-06-16,"Gone, Gone Boova",confirmed,rss,2020/20200615_E18d.mp3,ep-018-a4173958e2,
2020,19,2020-06-23,Super Sign of the End Times,confirmed,rss,2020/20200622_E19.mp3,ep-019-3caf9a9b81,
2020,20,2020-09-01,Robert E. Lee Stained Glass & Freeloaders,rss-only,rss,,ep-020-bc7b2d8eaa,
2020,21,2020-10-04,Interview with Eddie Andrews,confirmed,rss,2020/2020_LFTP_Episode21.mp3,ep-021-1134aadbc3,
2020,22,2020-10-04,Dudes Are Prone to Buffoonery,confirmed,rss,2020/20200921_LFTP_Episode22.mp3,ep-022-6fc367f70f,
2020,23,2020-10-07,Reviewing Sermons from America’s Largest Churches,confirmed,rss,2020/202010928_Episode23.mp3,ep-023-d0d4e17de4,
2020,24,2020-10-07,"Ghosts, Humility and Bad Memories",confirmed,rss,2020/20201005_Episode24.mp3,ep-024-582dc5fb98,
2020,25,2020-10-14,Youngsters and Hawk Nelson are Bailing on Jesus,confirmed,rss,2020/20201013_Episode24_2.mp3,ep-025-932de0c91f,
2020,26,2020-11-06,"Motivational Monday – Prayer Cubes, Justice and Consequences",confirmed,rss,2020/20201102_Episode26.mp3,ep-026-fe19659488,
2020,27,2020-12-08,Interview with Sean Covington,confirmed,rss,2020/20201130_E27.mp3,ep-027-3b90aa89b3,
2020,28,2020-12-08,Top Bible Searches of 2020,confirmed,rss,2020/20201207_E28.mp3,ep-028-a131f06034,
2020,29,2020-12-16,"Election Stuff, Reluctantly",confirmed,rss,2020/20201214_episode29.mp3,ep-029-0e6d00e75f,
2020,30,,Live From The Path | 2020 E19,local-only,local,2020/Untitled.mp3,,Exact episode date unresolved
2021,1,2021-01-05,Back to Basics,confirmed,rss,2021/20210104_Episode01.mp3,ep-001-ee04ef647e,
2021,2,2021-01-12,What Christians Do in a Divided Country,confirmed,rss,2021/20210111_Episode02.mp3,ep-002-2118481794,
2021,3,2021-01-19,"Jesus, Technology and Persecution",confirmed,rss,2021/20210118_Episode03.mp3,ep-003-96b68e09e5,
2021,4,2021-02-02,2021 Episode 04,confirmed,rss,2021/20210201_Episode04.mp3,ep-004-45e62a9c7c,
2021,5,2021-02-09,When Culture Lacks Objective Reality,confirmed,rss,2021/20210208_Episode05.mp3,ep-005-5180f31b43,
2021,6,2021-03-16,Love Does,confirmed,rss,2021/20210315_Episode06.mp3,ep-006-a4abe8c7c2,
2021,7,2021-03-31,Confidence in the Holy Spirit,confirmed,rss,2021/20210329_Episode07.mp3,ep-007-8814798e75,
2021,8,2021-04-20,Wasting Time & Leaving Christianity,confirmed,rss,2021/20210412_Episode08.mp3,ep-008-700c9bd81b,
2021,9,2021-04-27,Old Church Ideas,confirmed,rss,2021/20210426_Episode09.mp3,ep-009-efddf5d48e,
2021,10,2021-05-04,Following the American Jesus,confirmed,rss,2021/20210503_Episode10.mp3,ep-010-df64a38622,
2021,11,2021-06-22,Sober Soldierz,confirmed,rss,2021/2021_Episode11.mp3,ep-011-74b5913a9f,
2021,12,2021-06-22,Advice Only,confirmed,rss,2021/2021_Episode12.mp3,ep-012-a784084536,
2021,13,2021-06-23,Participating in God’s Will and other sundry advice,confirmed,rss,2021/2021_Episode13.mp3,ep-013-cb17691125,
2021,14,2021-06-23,The Heavy,confirmed,rss,2021/2021_Episode14.mp3,ep-014-93b25ad8a9,
2021,15,2021-07-19,,local-only,local,2021/2021-07-19 21-52-17.mp3,,
2021,16,2021-07-19,Rebuilding Tower of Babel,rss-only,rss,,ep-015-e04ab2e09a,
2021,17,2021-07-26,,local-only,local,2021/2021-07-26 21-37-15.mp3,,
2021,18,2021-08-02,Failures,confirmed,rss,2021/2021_Episode16.mp3,ep-016-928be66bca,
2021,19,2021-08-02,Rejuvenating Prayer,confirmed,rss,2021/2021_Episode17.mp3,ep-017-fbfd462e64,
2021,20,2021-08-09,Acting When God Speaks,confirmed,rss,2021/2021_Episode18.mp3,ep-018-4ec8eba2b3,
2021,21,2021-08-10,What Is Truth?,confirmed,rss,2021/2021_Episode19-1.mp3,ep-019-4a705e8a64,
2021,22,2021-08-18,Redeem or Reject,confirmed,rss,2021/2021_Episode20.mp3,ep-020-295a5a9bf9,
2021,23,2021-08-30,"Right Thing, Wrong Way",confirmed,rss,2021/2021_Episode21_RAW.mp3,ep-021-d03985d96d,
2021,24,2021-09-16,Christians Don’t Understand Christianity,confirmed,rss,,ep-022-7dba1a79b2,
2021,25,2021-09-28,Cry Me A River…Then Build A Bridge,confirmed,rss,2021/2021_Episode23_RAW.mp3,ep-023-75bf0ecc66,
2021,26,2021-10-11,,local-only,local,2021/2021-10-11 22-05-59.mp3,,
2021,27,2021-10-11,Fake Persecution and Tripping Millennials,rss-only,rss,,ep-024-3889be2247,
2021,28,2021-10-25,,local-only,local,2021/2021-10-25 22-18-25.mp3,,
2021,29,2021-10-28,Fresh Perspectives,rss-only,rss,,ep-025-873766838a,
2021,30,2021-10-28,Being a Tool for Halloween,rss-only,rss,,ep-026-e740f84b75,
2021,31,2021-11-01,,local-only,local,2021/2021-11-01 21-56-42.mp3,,
2021,32,2021-11-08,,confirmed,local,2021/2021-11-08 21-34-14-converted.mp3,,
2021,33,2021-11-20,Go Fund Thee,rss-only,rss,,ep-027-326fe7ac8e,
2021,34,2021-12-08,Mississippi Don’t Push,rss-only,rss,,ep-028-09bf1b1852,
2021,35,2021-12-08,Good News of Narrow Focus,confirmed,rss,2021/2021-12-06 21-29-21-converted.mp3,ep-029-fb2becc8a8,
2021,36,2021-12-20,False Teachers and Freeloaders,confirmed,rss,2021/2021_Episode30.mp3,ep-030-2c550e4621,
2021,37,2021-12-27,Whispering Diesel,confirmed,rss,2021/20211220_Episode31.mp3,ep-031-97572b2871,
2022,1,2022-01-04,"Read, Protect, and Complain About Your Husband",confirmed,rss,2022/2022_Episode01.mp3,ep-001-9323a1ada2,
2022,2,2022-02-07,"Don’t Spit On Folk, Among Other Wisdom",rss-only,rss,,ep-002-f33dbb81fb,
2022,3,2022-02-07,Just Do It,rss-only,rss,,ep-003-87be897d60,
2022,4,2022-03-03,House Church Trouble in Olympic China,confirmed,rss,2022/2022_Episode04.mp3,ep-004-520b10a65f,
2022,5,2022-03-15,12 to 13 Mistakes From Wildin,confirmed,rss,2022/2022_Episode05.mp3,ep-005-ba147a8b5d,
2022,6,2022-03-28,Things We Don’t Want to Talk About,confirmed,rss,2022/2022_Episode06.mp3,ep-006-b418668d5b,
2022,7,2022-04-04,14 to 25 Mistakes From Wildin’,confirmed,rss,2022/2022_Episode07.mp3,ep-007-6958a2d9cc,
2022,8,2022-04-04,"Acid, Stupidity and Russia",confirmed,rss,2022/2022_Episode08.mp3,ep-008-0668d205b8,
2022,9,2022-04-06,Jesus and the Metaverse,confirmed,rss,2022/2022_Episode09_468.mp3,ep-009-d11e6707cb,
2022,10,2022-04-26,Getting Kids to Stick With Jesus,confirmed,rss,2022/2022_Episode10_469.mp3,ep-010-cf9f135ea8,
2022,11,2022-05-16,Buying International Locusts,confirmed,rss,2022/2022_Episode11_470 - 01 Start.mp3,ep-011-c2cb878d4b,
2022,12,2022-05-25,Put Your Name On It,confirmed,rss,2022/2022_Episode12_471 - 01 Start.mp3,ep-012-871b36c8f7,
2022,13,2022-05-25,Cults May Be Wonderful,confirmed,rss,2022/2022_Episode13_472 - 01 Start.mp3,ep-013-40bb7e1d1a,
2022,14,2022-06-07,We Ate The Locusts,rss-only,rss,,ep-014-a17fa9836a,
2022,15,2022-06-30,Turned Over Not Over,rss-only,rss,,ep-015-dd47af5278,
2022,16,2022-08-01,The Next Reformation,confirmed,rss,2022/2022_Episode16_475 - 01 Start.mp3,ep-016-00b40c97f5,
2022,17,2022-08-04,Two Claps and a Ric Flair,confirmed,local-recovery,2022/2022_Episode17_476 - 01 Start.mp3,ep-017-703b260a59,
2022,18,2022-08-15,Changing Teams,confirmed,rss,2022/2022_Episode18_477 - 01 Start.mp3,ep-018-70018d4bee,
2022,19,2022-08-22,Sometimes We Read Stuff,confirmed,rss,2022/2022_Episode19_478 - 01 Start.mp3,ep-019-ee541eb772,
2022,20,2022-08-29,"Do Something With Your Life, Gordon",confirmed,rss,,ep-020-8e23ff96f3,
2022,21,2022-09-06,The Details Are Super Important,confirmed,rss,,ep-021-e4a57c3336,
2022,22,2022-09-18,"Finding Sin, Missing God",confirmed,rss,2022/2022Episode22.mp3,ep-022-c4ac1251cc,
2022,23,2022-10-03,CS Lewis Has Fallen,rss-only,rss,,ep-023-8f3620e4f2,
2022,24,2022-10-03,"Shofar, Shogood",rss-only,rss,,ep-024-1e306a789f,
2022,25,2022-10-05,John Paul Burtch,rss-only,rss,,ep-025-25fbab51ce,
2022,26,2022-10-11,Solving All Your Money Problems,confirmed,rss,2022/2022Episode26.mp3,ep-026-ad0dfe4309,
2022,27,2022-10-25,Youth Initiative,confirmed,rss,,ep-027-d45886d289,
2022,28,2022-11-17,Turning Around,confirmed,rss,,ep-028-865a58cc0c,
2022,29,2022-11-17,Jesus Cheats,confirmed,rss,2022/2022_Episode29_488 - 01 Start.mp3,ep-029-1d71acc8aa,
2022,30,2022-12-05,Ahhh Hell,confirmed,rss,,ep-030-63cdcb257e,
2022,31,2022-12-08,The Idol Tannenbaums,confirmed,rss,2022/20221205_Episode31.mp3,ep-031-689734d6e1,
2022,32,2022-12-26,,local-only,local,2022/20221226_Episode33.mp3,,
2022,33,,,local-only,local,2022/2022_Episode32_Raw.mp3,,Exact episode date unresolved
2022,34,,2022 Episode 14,local-only,local,2022/2022_Episode14_473 - 01 Start.mp3,,Exact episode date unresolved
2023,1,2023-01-04,Steadfast,rss-only,rss,,ep-032-6a39888b33,
2023,2,2023-01-04,Vest is Best,rss-only,rss,,ep-033-3933fae042,
2023,3,2023-01-12,Sing What You Want,confirmed,rss,2023/2023_Episode01 - 01 Start.mp3,ep-001-a5a28108d4,
2023,4,2023-01-23,,local-only,local,2023/20230123_E02.mp3,,
2023,5,2023-01-25,Is It Enough?,rss-only,rss,,ep-002-da06aed69a,
2023,6,2023-02-01,Thee Uncommon,confirmed,rss,2023/2023_Episode03_ep495 - 01 Start.mp3,ep-003-96c34a5772,
2023,7,2023-02-10,QuickTrip Johnson,confirmed,rss,2023/2023_Episode04_ep496 - 01 Start.mp3,ep-004-a1085a8127,
2023,8,2023-03-06,Little Things,confirmed,rss,2023/20230227_E05.mp3,ep-005-8d27497979,
2023,9,2023-03-27,,local-only,local,2023/20230327_E06.mp3,,
2023,10,2023-03-29,Show Me The Toes,rss-only,local-recovery,2023/20230327_E06.mp3,ep-006-269c47e8e4,
2023,11,2023-04-06,Charlatan Kings,confirmed,local-recovery,2023/2023_Episode07_ep499 - 01 Start.mp3,ep-007-f40f3c758b,
2023,12,2023-04-28,500-ish,rss-only,rss,,ep-008-998bae9fb4,
2023,13,2023-05-11,$20 and a Dilly Bar,confirmed,rss,2023/LFTP_2023_Episode9_v3 - 10.mp3,ep-009-d565002b68,
2023,14,2023-05-19,Regrets,rss-only,rss,,ep-010-d064f40b4d,
2023,15,2023-05-31,Nothing More Than Feelings,rss-only,rss,,ep-011-0ed1ab6b61,
2023,16,2023-06-13,The Tennessee Birdwalk,rss-only,rss,,ep-012-9b603b275f,
2023,17,2023-06-21,The Legacy List,rss-only,rss,,ep-013-9ffe7781cb,
2023,18,2023-07-06,Cut and Colby-Jacked,rss-only,rss,,ep-014-d3ac6d46a0,
2023,19,2023-07-14,All Five Sentences,rss-only,rss,,ep-015-959aef9462,
2023,20,2023-07-26,When Evil Strikes,rss-only,rss,,ep-016-f12334feef,
2023,21,2023-08-07,A Bit Cavalier,rss-only,rss,,ep-017-4da0d85c53,
2023,22,2023-08-24,"Saul, Naturally",rss-only,rss,,ep-018-9720a9ea62,
2023,23,2023-09-02,Because of Fussy and Fuzzy,rss-only,rss,,ep-019-77383b667c,
2023,24,2023-09-13,One and Three,rss-only,rss,,ep-020-59dd7f6d67,
2023,25,2023-09-20,What’s in a Name,confirmed,rss,2023/LFTP_2023_Episode21_v1 - 06.mp3,ep-021-35718f94b0,
2023,26,2023-09-26,The Caduce,rss-only,rss,,ep-022-5c3012d29b,
2023,27,2023-10-18,Raisin Cakes,confirmed,rss,2023/2023_Episode23_ep515/2023_Episode23_ep515 - 01 Start.mp3,ep-023-3ff77f5045,
2023,28,2023-10-31,A Gray Area,confirmed,rss,2023/S2023 E24.mp3,ep-024-7a7648d733,
2023,29,2023-11-08,Guy Man Dude,confirmed,rss,2023/2023_Episode25_ep517/2023_Episode25_ep517 - 01 Start.mp3,ep-025-334d8aefe8,
2023,30,2023-11-17,"She Knows, Right?",confirmed,rss,2023/2023_Episode26_ep518/2023_Episode26_ep518 - 01 Start.mp3,ep-026-8ca3971a18,
2023,31,2023-11-29,Empty Smith,confirmed,rss,2023/LFTP_2023_Episode27_v2 - 03.mp3,ep-027-6376f4081e,
2023,32,2023-12-08,Saying Flesh,confirmed,rss,,ep-028-d12593cf02,
2023,33,2023-12-18,Beyond Despacito,confirmed,rss,,ep-029-e78ba61e8c,
2023,34,,,local-only,local,2023/LFTP_2023_Episode27_v1 - 01 Start.mp3,,Exact episode date unresolved
2023,35,,,local-only,local,2023/LFTP_2023_Episode30_v1 - 08.mp3,,Exact episode date unresolved
2024,1,2024-01-03,Pastor Rico Suave,rss-only,rss,,ep-030-9db3882c8e,
2024,2,2024-01-16,A Confession,rss-only,rss,,ep-001-452c2f0173,
2024,3,2024-01-29,,local-only,local,2024/20240129_E01.mp3,,
2024,4,2024-01-30,Jesus Blocked the Jukebox,rss-only,rss,,ep-002-2204525fe6,
2024,5,2024-02-06,Folk Ain’t Happy,rss-only,rss,,ep-003-e514a5a37b,
2024,6,2024-02-20,He Gets Us…Again,rss-only,rss,,ep-004-5c80346641,
2024,7,2024-02-27,Bring Your Purse to Brunch,rss-only,rss,,ep-005-5ad2669fad,
2024,8,2024-03-05,Biking with Billy Shatner,rss-only,rss,,ep-006-86faae3919,
2024,9,2024-03-12,This Is Not Love,rss-only,rss,,ep-007-c7536a243d,
2024,10,2024-03-26,Handshakes and Wrongness,rss-only,rss,,ep-008-c9f8c18254,
2024,11,2024-04-02,Asking AI Lamech,rss-only,rss,,ep-009-09625fdaa1,
2024,12,2024-04-16,Secrets and Topless Dudes,rss-only,rss,,ep-010-cc97c82b11,
2024,13,2024-04-23,Angels and Blessings,rss-only,rss,,ep-011-a9eda16cb8,
2024,14,2024-05-07,"First Death, Then Resurrection",rss-only,rss,,ep-013-24b57e7021,
2024,15,2024-05-28,Enter The McCormick,rss-only,rss,,ep-014-1488ae5d70,
2024,16,2024-06-04,Know Self Control,rss-only,rss,,ep-015-28bf70b8f3,
2024,17,2024-06-11,Just For The Taste Of It,rss-only,rss,,ep-015-8adbe0544f,
2024,18,2024-06-18,Murph and the End,rss-only,rss,,ep-017-6bcc62d5f4,
2024,19,2024-07-02,You Can Buy Me Phalanges,rss-only,rss,,ep-018-fed9a90cae,
2024,20,2024-07-16,The Antagonistic Bison,rss-only,rss,,ep-019-80a483833c,
2024,21,2024-07-23,Solo Contendere,rss-only,rss,,ep-020-72ca27353b,
2024,22,2024-07-30,The Olympic Supper Club,rss-only,rss,,ep-021-486953df0f,
2024,23,2024-08-06,The Bible Confuseth,rss-only,rss,,ep-022-0c6acadff0,
2024,24,2024-08-20,Weekend At Bildad’s,rss-only,rss,,ep-022-4ae7dd3bc1,
2024,25,2024-08-27,Birdcage,rss-only,rss,,ep-024-ef4af15f08,
2024,26,2024-09-10,Justice is Mine,rss-only,rss,,ep-025-b84af4ab58,
2024,27,2024-09-17,Why Not The Second Heaven,rss-only,rss,,ep-026-ba10625f7b,
2024,28,2024-09-24,The Peruvian Gambling Ring,rss-only,rss,,ep-027-5dfd961071,
2024,29,2024-10-01,Britches in Heaven,rss-only,rss,,ep-028-2b160cc29a,
2024,30,2024-10-22,Wisdom and Wonder,rss-only,rss,,ep-029-3a2e4da18a,
2024,31,2024-10-29,By Invitation Only,rss-only,rss,,ep-030-98017142e4,
2024,32,2024-11-19,For God or With God,rss-only,rss,,ep-031-476fa2ebed,
2024,33,2024-11-26,Tales with Dirk,rss-only,rss,,ep-032-e3ff89af4c,
2024,34,2024-12-03,Artificial Holy Spirit Intelligence,rss-only,rss,,ep-033-534d108a0c,
2024,35,2024-12-17,Are We Ready?,rss-only,rss,,ep-034-913154211b,
2025,1,2025-01-07,Ballad of Vince Parsons,rss-only,rss,,ballad-of-vince-parsons-b6c371bd96,
2025,2,2025-01-07,Ballad of Vince Parsons,rss-only,rss,,ep-001-e960c2cbd9,
2025,3,2025-01-14,BeliefNet.Org.Com,rss-only,rss,,ep-002-c44876e0d4,
2025,4,2025-02-04,Affirming the Nasty Part,rss-only,rss,,ep-003-173e77548e,
2025,5,2025-03-04,The Bog Witch,rss-only,rss,,ep-004-0f6e64322c,
2025,6,2025-03-25,The Simple Life,rss-only,rss,,ep-005-4a5d7ef915,
2025,7,2025-04-08,The Aslan Wears Prada,rss-only,rss,,ep-006-827a963194,
2025,8,2025-04-15,A Christian Mid-Life Crisis,rss-only,rss,,ep-007-7e7fa93ff6,
2025,9,2025-04-22,Pope Reese Bobby,rss-only,rss,,ep-008-20a199e68a,
2025,10,2025-04-29,Mehna Mehna,rss-only,rss,,ep-009-b9df9f5524,
2025,11,2025-05-06,3 Songwriters Walk Into a Show,rss-only,rss,,ep-010-eae4cd9b9a,
2025,12,2025-05-20,Chill Out,rss-only,rss,,ep-011-9957399138,
2025,13,2025-05-27,The Answer is Liverpool,rss-only,rss,,ep-012-ee54396395,
2025,14,2025-06-24,Enter the McCormick II,rss-only,rss,,ep-013-af95cf7e91,
2025,15,2025-07-01,Raptors and Heifers,rss-only,rss,,ep-014-ae95379844,
2025,16,2025-07-22,Boova Redux,rss-only,rss,,ep-015-14a1b1eef6,
2025,17,2025-08-12,What The Hat,rss-only,rss,,ep-016-a9dad06db2,
2025,18,2025-08-19,On the Couch,rss-only,rss,,ep-017-345b6d2c6b,
2025,19,2025-08-26,Talk Less,rss-only,rss,,ep-018-ccb45eb187,
2025,20,2025-09-16,Like Jesus,rss-only,rss,,ep-019-1970441d6e,
2025,21,2025-09-23,Up Late,rss-only,rss,,ep-020-948005a37e,
2025,22,2025-10-07,The Smattering,rss-only,rss,,ep-021-b2d83986cc,
2025,23,2025-10-21,Luddite From The Path,rss-only,rss,,ep-022-df19bed46f,
2025,24,2025-11-04,Rippin’ Heaters,rss-only,rss,,ep-023-5e3489a930,
2025,25,2025-11-11,It’s A Start,rss-only,rss,,ep-024-6c0c2a354b,
2025,26,2025-11-25,Starring Ted Danson as Joab,rss-only,rss,,ep-025-9f007ad25f,
2025,27,2025-12-09,Heartfelt Heresy,rss-only,rss,,ep-026-df1b1151e7,
2025,28,2025-12-23,Get A Dog,rss-only,rss,,ep-027-fdb52ff883,
2026,1,2026-01-06,"The Spirit, the Goldfish and the Way",rss-only,rss,,ep-001-bb5dc05201,
2026,2,2026-01-13,Overexposed,rss-only,rss,,ep-002-da21a93ce0,
2026,3,2026-01-27,Wanted: Paul and Hope | Paul’s Persecution of Christians and Radical Redemption,rss-only,rss,,ep-003-5d7294e0e4,
2026,4,2026-02-03,"Not Sure | Old Testament Law, Holy Spirit Guidance, Christian Discernment",rss-only,rss,,ep-004-eb9eb1ee24,
2026,5,2026-02-10,"Silly Rabbit | Christianity, Culture, and Navigating Social Expectations",rss-only,rss,,ep-005-db6713baf6,
2026,6,2026-03-03,"Risky Business | Christian Risk-Taking, Community Engagement, Faith in Action",rss-only,rss,,ep-006-2e7fd15c5b,
2026,7,2026-03-10,My Girl Likes to Holy All the Time | Public Prayer & Worship Culture,rss-only,rss,,ep-007-593e405bb7,
2026,8,2026-03-17,"When Vanek Was Here | Cambodia Testimony, Church Mission, Josiah Queen",rss-only,rss,,ep-008-863dfd319f,
2026,9,2026-04-07,Split Ends | Interacting with other Denominations,rss-only,rss,,ep-009-df33d7d397,
2026,10,2026-04-21,Nothing Personal,rss-only,rss,,ep-010-a233f41e30,
2026,11,2026-04-28,Coffee After Sunday,rss-only,rss,,ep-011-92d79fb479,
2026,12,2026-05-05,hypokritēs,rss-only,rss,,ep-012-4e5330328f,
2026,13,2026-05-12,There Must Be A Reason,rss-only,rss,,ep-013-bfe0a02448,
2026,14,2026-05-19,Theodore Franco,rss-only,rss,,ep-014-acd148f9a3,
2026,15,2026-06-08,My Early Years,rss-only,rss,,ep-015-f40ee4d0ed,
2026,16,2026-06-09,Because I Got High,rss-only,rss,,ep-016-13854b18ce,
2026,17,2026-06-16,Do You Hear What I Hear,rss-only,rss,,ep-017-f25b1a94eb,
2026,18,2026-06-30,Street Justice,rss-only,rss,,street-justice-ad8558f5cd,
2026,19,2026-07-14,Trust But Verify,rss-only,rss,,ep-019-ceafc07dab,
2026,20,2026-07-21,Mr. Prayer Closet,rss-only,rss,,ep-020-4ce5c47f0e,
2026,21,2026-07-31,RETRO LFTP: Weekend At Bildad’s,rss-only,rss,,retro-lftp-weekend-at-bildad-s-05b305d402,
2026,22,2026-08-11,Maybe A Word From God,rss-only,rss,,ep-021-988f85fd60,
2026,23,2026-08-25,"Emphasis | Accountability, Worship and Praying with Strangers",rss-only,rss,,ep-022-095fa26626,
2026,24,2026-09-15,Call Me Hoopi,rss-only,rss,,ep-023-3a9d4e33d3,
2026,25,2026-09-22,Rage The Elephant,rss-only,rss,,ep-024-ff4a23f2b8,
,,,,local-only,local,BestofLFTP.mp3,,Exact episode date unresolved
